{
  "simulation_months": 36,
  "total_youth_agents": 8000,
  "final_employment_rate": 94.36250000000001,
  "employment_rate_improvement": 0.0,
  "average_income_increase": 0.0,
  "total_economic_impact": 18694249274.959446,
  "total_youth_trained": 9350,
  "training_employment_rate": 100.0,
  "male_employment_rate": 94.2602671944582,
  "female_employment_rate": 94.46690247599798,
  "gender_gap": -0.20663528153978916,
  "regional_results": {
    "dhaka": {
      "total_youth": 1427,
      "employed": 1359,
      "employment_rate": 95.23475823405747,
      "avg_income": 34972.72827449016
    },
    "chittagong": {
      "total_youth": 781,
      "employed": 731,
      "employment_rate": 93.59795134443021,
      "avg_income": 30949.77375633344
    },
    "sylhet": {
      "total_youth": 405,
      "employed": 382,
      "employment_rate": 94.32098765432099,
      "avg_income": 27763.240803516474
    },
    "rural_areas": {
      "total_youth": 5387,
      "employed": 5077,
      "employment_rate": 94.24540560608872,
      "avg_income": 27977.822882799253
    }
  },
  "monthly_metrics": [
    {
      "month": 0,
      "employment_rate": 94.36250000000001,
      "unemployment_rate": 0.0,
      "underemployment_rate": 0.0,
      "average_income": 29504.81261830722,
      "total_income": 236038500.94645777,
      "in_training": 300,
      "completed_training": 0,
      "avg_ai_skills": 0.28067610258850867,
      "avg_traditional_skills": 0.4858450452456302,
      "economic_impact": 519284702.08220714
    },
    {
      "month": 1,
      "employment_rate": 94.36250000000001,
      "unemployment_rate": 0.0,
      "underemployment_rate": 0.0,
      "average_income": 29504.81261830722,
      "total_income": 236038500.94645777,
      "in_training": 300,
      "completed_training": 0,
      "avg_ai_skills": 0.2844380555543713,
      "avg_traditional_skills": 0.48535920020038464,
      "economic_impact": 519284702.08220714
    },
    {
      "month": 2,
      "employment_rate": 94.36250000000001,
      "unemployment_rate": 0.0,
      "underemployment_rate": 0.0,
      "average_income": 29504.81261830722,
      "total_income": 236038500.94645777,
      "in_training": 300,
      "completed_training": 0,
      "avg_ai_skills": 0.2893517815041618,
      "avg_traditional_skills": 0.48487384100018427,
      "economic_impact": 519284702.08220714
    },
    {
      "month": 3,
      "employment_rate": 94.36250000000001,
      "unemployment_rate": 0.0,
      "underemployment_rate": 0.0,
      "average_income": 29504.81261830722,
      "total_income": 236038500.94645777,
      "in_training": 300,
      "completed_training": 0,
      "avg_ai_skills": 0.2926199461207322,
      "avg_traditional_skills": 0.48438896715918406,
      "economic_impact": 519284702.08220714
    },
    {
      "month": 4,
      "employment_rate": 94.36250000000001,
      "unemployment_rate": 0.0,
      "underemployment_rate": 0.0,
      "average_income": 29504.81261830722,
      "total_income": 236038500.94645777,
      "in_training": 18,
      "completed_training": 282,
      "avg_ai_skills": 0.29661122078725627,
      "avg_traditional_skills": 0.4839045781920248,
      "economic_impact": 519284702.08220714
    },
    {
      "month": 5,
      "employment_rate": 94.36250000000001,
      "unemployment_rate": 0.0,
      "underemployment_rate": 0.0,
      "average_income": 29504.81261830722,
      "total_income": 236038500.94645777,
      "in_training": 18,
      "completed_training": 282,
      "avg_ai_skills": 0.29687622078725634,
      "avg_traditional_skills": 0.48342067361383284,
      "economic_impact": 519284702.08220714
    },
    {
      "month": 6,
      "employment_rate": 94.36250000000001,
      "unemployment_rate": 0.0,
      "underemployment_rate": 0.0,
      "average_income": 29504.81261830722,
      "total_income": 236038500.94645777,
      "in_training": 13,
      "completed_training": 287,
      "avg_ai_skills": 0.29721622078725624,
      "avg_traditional_skills": 0.48293725294021894,
      "economic_impact": 519284702.08220714
    },
    {
      "month": 7,
      "employment_rate": 94.36250000000001,
      "unemployment_rate": 0.0,
      "underemployment_rate": 0.0,
      "average_income": 29504.81261830722,
      "total_income": 236038500.94645777,
      "in_training": 12,
      "completed_training": 288,
      "avg_ai_skills": 0.29749622078725635,
      "avg_traditional_skills": 0.4824543156872787,
      "economic_impact": 519284702.08220714
    },
    {
      "month": 8,
      "employment_rate": 94.36250000000001,
      "unemployment_rate": 0.0,
      "underemployment_rate": 0.0,
      "average_income": 29504.81261830722,
      "total_income": 236038500.94645777,
      "in_training": 11,
      "completed_training": 289,
      "avg_ai_skills": 0.2977762207872563,
      "avg_traditional_skills": 0.4819718613715915,
      "economic_impact": 519284702.08220714
    },
    {
      "month": 9,
      "employment_rate": 94.36250000000001,
      "unemployment_rate": 0.0,
      "underemployment_rate": 0.0,
      "average_income": 29504.81261830722,
      "total_income": 236038500.94645777,
      "in_training": 11,
      "completed_training": 289,
      "avg_ai_skills": 0.2980412207872563,
      "avg_traditional_skills": 0.48148988951021987,
      "economic_impact": 519284702.08220714
    },
    {
      "month": 10,
      "employment_rate": 94.36250000000001,
      "unemployment_rate": 0.0,
      "underemployment_rate": 0.0,
      "average_income": 29504.81261830722,
      "total_income": 236038500.94645777,
      "in_training": 9,
      "completed_training": 291,
      "avg_ai_skills": 0.2983312207872563,
      "avg_traditional_skills": 0.4810083996207097,
      "economic_impact": 519284702.08220714
    },
    {
      "month": 11,
      "employment_rate": 94.36250000000001,
      "unemployment_rate": 0.0,
      "underemployment_rate": 0.0,
      "average_income": 29504.81261830722,
      "total_income": 236038500.94645777,
      "in_training": 8,
      "completed_training": 292,
      "avg_ai_skills": 0.29860622078725624,
      "avg_traditional_skills": 0.48052739122108895,
      "economic_impact": 519284702.08220714
    },
    {
      "month": 12,
      "employment_rate": 94.36250000000001,
      "unemployment_rate": 0.0,
      "underemployment_rate": 0.0,
      "average_income": 29504.81261830722,
      "total_income": 236038500.94645777,
      "in_training": 8,
      "completed_training": 292,
      "avg_ai_skills": 0.2988712207872563,
      "avg_traditional_skills": 0.4800468638298679,
      "economic_impact": 519284702.08220714
    },
    {
      "month": 13,
      "employment_rate": 94.36250000000001,
      "unemployment_rate": 0.0,
      "underemployment_rate": 0.0,
      "average_income": 29504.81261830722,
      "total_income": 236038500.94645777,
      "in_training": 7,
      "completed_training": 293,
      "avg_ai_skills": 0.2991512207872563,
      "avg_traditional_skills": 0.479566816966038,
      "economic_impact": 519284702.08220714
    },
    {
      "month": 14,
      "employment_rate": 94.36250000000001,
      "unemployment_rate": 0.0,
      "underemployment_rate": 0.0,
      "average_income": 29504.81261830722,
      "total_income": 236038500.94645777,
      "in_training": 7,
      "completed_training": 293,
      "avg_ai_skills": 0.29941622078725627,
      "avg_traditional_skills": 0.47908725014907194,
      "economic_impact": 519284702.08220714
    },
    {
      "month": 15,
      "employment_rate": 94.36250000000001,
      "unemployment_rate": 0.0,
      "underemployment_rate": 0.0,
      "average_income": 29504.81261830722,
      "total_income": 236038500.94645777,
      "in_training": 7,
      "completed_training": 293,
      "avg_ai_skills": 0.2996812207872563,
      "avg_traditional_skills": 0.47860816289892283,
      "economic_impact": 519284702.08220714
    },
    {
      "month": 16,
      "employment_rate": 94.36250000000001,
      "unemployment_rate": 0.0,