{
  "simulation_months": 36,
  "total_youth_agents": 10000,
  "final_employment_rate": 94.17999999999999,
  "employment_rate_improvement": 0.0,
  "average_income_increase": 0.0,
  "total_economic_impact": 23112853497.113712,
  "total_youth_trained": 15607,
  "training_employment_rate": 100.0,
  "male_employment_rate": 94.35017354415734,
  "female_employment_rate": 93.99667636061487,
  "gender_gap": 0.3534971835424727,
  "regional_results": {
    "dhaka": {
      "total_youth": 1764,
      "employed": 1667,
      "employment_rate": 94.50113378684807,
      "avg_income": 33926.18185187205
    },
    "chittagong": {
      "total_youth": 1009,
      "employed": 950,
      "employment_rate": 94.15262636273538,
      "avg_income": 29662.93488038285
    },
    "sylhet": {
      "total_youth": 489,
      "employed": 460,
      "employment_rate": 94.06952965235173,
      "avg_income": 27593.544260723724
    },
    "rural_areas": {
      "total_youth": 6738,
      "employed": 6341,
      "employment_rate": 94.10804392994953,
      "avg_income": 27984.56946755521
    }
  },
  "monthly_metrics": [
    {
      "month": 0,
      "employment_rate": 94.17999999999999,
      "unemployment_rate": 0.0,
      "underemployment_rate": 0.0,
      "average_income": 29182.895829689045,
      "total_income": 291828958.29689044,
      "in_training": 500,
      "completed_training": 0,
      "avg_ai_skills": 0.28228411902502243,
      "avg_traditional_skills": 0.48627610371120455,
      "economic_impact": 642023708.253159
    },
    {
      "month": 1,
      "employment_rate": 94.17999999999999,
      "unemployment_rate": 0.0,
      "underemployment_rate": 0.0,
      "average_income": 29182.895829689045,
      "total_income": 291828958.29689044,
      "in_training": 500,
      "completed_training": 0,
      "avg_ai_skills": 0.28701934624605385,
      "avg_traditional_skills": 0.48578982760749334,
      "economic_impact": 642023708.253159
    },
    {
      "month": 2,
      "employment_rate": 94.17999999999999,
      "unemployment_rate": 0.0,
      "underemployment_rate": 0.0,
      "average_income": 29182.895829689045,
      "total_income": 291828958.29689044,
      "in_training": 500,
      "completed_training": 0,
      "avg_ai_skills": 0.2933646044063821,
      "avg_traditional_skills": 0.48530403777988584,
      "economic_impact": 642023708.253159
    },
    {
      "month": 3,
      "employment_rate": 94.17999999999999,
      "unemployment_rate": 0.0,
      "underemployment_rate": 0.0,
      "average_income": 29182.895829689045,
      "total_income": 291828958.29689044,
      "in_training": 500,
      "completed_training": 0,
      "avg_ai_skills": 0.29802351122927584,
      "avg_traditional_skills": 0.4848187337421059,
      "economic_impact": 642023708.253159
    },
    {
      "month": 4,
      "employment_rate": 94.17999999999999,
      "unemployment_rate": 0.0,
      "underemployment_rate": 0.0,
      "average_income": 29182.895829689045,
      "total_income": 291828958.29689044,
      "in_training": 32,
      "completed_training": 468,
      "avg_ai_skills": 0.30374738124308287,
      "avg_traditional_skills": 0.48433391500836387,
      "economic_impact": 642023708.253159
    },
    {
      "month": 5,
      "employment_rate": 94.17999999999999,
      "unemployment_rate": 0.0,
      "underemployment_rate": 0.0,
      "average_income": 29182.895829689045,
      "total_income": 291828958.29689044,
      "in_training": 28,
      "completed_training": 472,
      "avg_ai_skills": 0.3040196929752501,
      "avg_traditional_skills": 0.48384958109335546,
      "economic_impact": 642023708.253159
    },
    {
      "month": 6,
      "employment_rate": 94.17999999999999,
      "unemployment_rate": 0.0,
      "underemployment_rate": 0.0,
      "average_income": 29182.895829689045,
      "total_income": 291828958.29689044,
      "in_training": 27,
      "completed_training": 473,
      "avg_ai_skills": 0.3042566929752501,
      "avg_traditional_skills": 0.48336573151226214,
      "economic_impact": 642023708.253159
    },
    {
      "month": 7,
      "employment_rate": 94.17999999999999,
      "unemployment_rate": 0.0,
      "underemployment_rate": 0.0,
      "average_income": 29182.895829689045,
      "total_income": 291828958.29689044,
      "in_training": 23,
      "completed_training": 477,
      "avg_ai_skills": 0.30452169297525017,
      "avg_traditional_skills": 0.48288236578074983,
      "economic_impact": 642023708.253159
    },
    {
      "month": 8,
      "employment_rate": 94.17999999999999,
      "unemployment_rate": 0.0,
      "underemployment_rate": 0.0,
      "average_income": 29182.895829689045,
      "total_income": 291828958.29689044,
      "in_training": 20,
      "completed_training": 480,
      "avg_ai_skills": 0.3047746929752501,
      "avg_traditional_skills": 0.48239948341496913,
      "economic_impact": 642023708.253159
    },
    {
      "month": 9,
      "employment_rate": 94.17999999999999,
      "unemployment_rate": 0.0,
      "underemployment_rate": 0.0,
      "average_income": 29182.895829689045,
      "total_income": 291828958.29689044,
      "in_training": 15,
      "completed_training": 485,
      "avg_ai_skills": 0.30505969297525015,
      "avg_traditional_skills": 0.48191708393155414,
      "economic_impact": 642023708.253159
    },
    {
      "month": 10,
      "employment_rate": 94.17999999999999,
      "unemployment_rate": 0.0,
      "underemployment_rate": 0.0,
      "average_income": 29182.895829689045,
      "total_income": 291828958.29689044,
      "in_training": 12,
      "completed_training": 488,
      "avg_ai_skills": 0.30531669297525016,
      "avg_traditional_skills": 0.4814351668476226,
      "economic_impact": 642023708.253159
    },
    {
      "month": 11,
      "employment_rate": 94.17999999999999,
      "unemployment_rate": 0.0,
      "underemployment_rate": 0.0,
      "average_income": 29182.895829689045,
      "total_income": 291828958.29689044,
      "in_training": 12,
      "completed_training": 488,
      "avg_ai_skills": 0.30554169297525013,
      "avg_traditional_skills": 0.48095373168077493,
      "economic_impact": 642023708.253159
    },
    {
      "month": 12,
      "employment_rate": 94.17999999999999,
      "unemployment_rate": 0.0,
      "underemployment_rate": 0.0,
      "average_income": 29182.895829689045,
      "total_income": 291828958.29689044,
      "in_training": 11,
      "completed_training": 489,
      "avg_ai_skills": 0.3057786929752501,
      "avg_traditional_skills": 0.4804727779490942,
      "economic_impact": 642023708.253159
    },
    {
      "month": 13,
      "employment_rate": 94.17999999999999,
      "unemployment_rate": 0.0,
      "underemployment_rate": 0.0,
      "average_income": 29182.895829689045,
      "total_income": 291828958.29689044,
      "in_training": 10,
      "completed_training": 490,
      "avg_ai_skills": 0.3060116929752501,
      "avg_traditional_skills": 0.4799923051711451,
      "economic_impact": 642023708.253159
    },
    {
      "month": 14,
      "employment_rate": 94.17999999999999,
      "unemployment_rate": 0.0,
      "underemployment_rate": 0.0,
      "average_income": 29182.895829689045,
      "total_income": 291828958.29689044,
      "in_training": 10,
      "completed_training": 490,
      "avg_ai_skills": 0.30623669297525014,
      "avg_traditional_skills": 0.47951231286597396,
      "economic_impact": 642023708.253159
    },
    {
      "month": 15,
      "employment_rate": 94.17999999999999,
      "unemployment_rate": 0.0,
      "underemployment_rate": 0.0,
      "average_income": 29182.895829689045,
      "total_income": 291828958.29689044,
      "in_training": 10,
      "completed_training": 490,
      "avg_ai_skills": 0.3064616929752501,
      "avg_traditional_skills": 0.479032800553108,
      "economic_impact": 642023708.253159
    },
    {
      "month": 16,
      "employment_rate": 94.17999999999999,
      "unemployment_rate": 0.0,